prob_pred,prob_true
0.00433908876021117,0.00684931506849315
0.1626350497206232,0.0
0.2630145212305525,0.09090909090909091
0.3381768894114573,0.3333333333333333
0.43837728138688875,0.2857142857142857
0.5492194772645901,0.6428571428571429
0.6408688387635755,0.375
0.7409017082937227,0.6
0.8759663030424324,0.8947368421052632
0.9936901158385398,0.9928825622775801
